Workbook

Sheet Info Cuencas
A1: Cuenca | B1: Area (km2) | C1: Curva Numero | D1: Elevacion Minima (msnm) | E1: Elevacion Maxima (msnm) | F1: Rango Elevacion (m) | G1: Elevacion Media (msnm) | H1: Pendiente Media Cauce Principal (m/m) | I1: Largo Cauce Principal (km) | J1: Largo Cauce - Centro de Gravedad (km) | K1: Velocidad Media Cauce Principal (m/s) | M1: California Culverts Practice (hr) | N1: Giandotti (hr) | O1: SCS (hr) | P1: Normas Españolas (hr) | Q1: Velocidad Media (hr) | R1: Tiempo de Concentración Adoptado (hr)
A2: C_01_CL | B2: 117.271 | C2: 75 | D2: 1715 | E2: 3626.5 | F2: =E2-D2 -> 1911.5 | G2: 2962.0915 | H2: =F2/(I2*1000) -> 0.052146988 | I2: 36.656 | J2: 14.802 | K2: 1 | M2: =IF(OR(I2="",F2=""),"",IF(OR(I2<=0,F2<=0),"",0.95*((I2^3)/F2)^0.385)) -> 3.3188075 | N2: =IF(OR(B2="",I2="",G2="",D2=""),"",IF(OR(B2<=0,I2<=0,G2<=D2),"",(4*SQRT(B2)+1.5*I2)/(0.8*SQRT(G2-D2)))) -> 3.4795048 | O2: =IF(OR(I2="",C2="",H2=""),"",IF(OR(I2<=0,H2<=0,C2<=0,C2>100),"",((100*((I2*1000/0.3048)^0.8)*(((1000/C2)-9)^0.7))/(1900*SQRT(H2*100)))/60)) -> 12.426822 | P2: =IF(OR(I2="",H2=""),"",IF(OR(I2<=0,H2<=0),"",(18*(I2^0.76)/(H2^0.19))/60)) -> 8.1207839 | Q2: =IF(OR(I2="",K2=""),"",IF(OR(I2<=0,K2<=0),"",I2/(3.6*K2))) -> 10.182222 | R2: =AVERAGE(M2,P2) -> 5.7197957
A3: C_02_CL | B3: 447.74 | C3: 75 | D3: 1813 | E3: 3219 | F3: =E3-D3 -> 1406 | G3: 2803.62 | H3: =F3/(I3*1000) -> 0.028880125 | I3: 48.684 | J3: 18.431 | K3: 1 | M3: =IF(OR(I3="",F3=""),"",IF(OR(I3<=0,F3<=0),"",0.95*((I3^3)/F3)^0.385)) -> 5.1841837 | N3: =IF(OR(B3="",I3="",G3="",D3=""),"",IF(OR(B3<=0,I3<=0,G3<=D3),"",(4*SQRT(B3)+1.5*I3)/(0.8*SQRT(G3-D3)))) -> 6.2617116 | O3: =IF(OR(I3="",C3="",H3=""),"",IF(OR(I3<=0,H3<=0,C3<=0,C3>100),"",((100*((I3*1000/0.3048)^0.8)*(((1000/C3)-9)^0.7))/(1900*SQRT(H3*100)))/60)) -> 20.954057 | P3: =IF(OR(I3="",H3=""),"",IF(OR(I3<=0,H3<=0),"",(18*(I3^0.76)/(H3^0.19))/60)) -> 11.272519 | Q3: =IF(OR(I3="",K3=""),"",IF(OR(I3<=0,K3<=0),"",I3/(3.6*K3))) -> 13.523333 | R3: =AVERAGE(M3,P3) -> 8.2283515
M4: =IF(OR(I4="",F4=""),"",IF(OR(I4<=0,F4<=0),"",0.95*((I4^3)/F4)^0.385)) | N4: =IF(OR(B4="",I4="",G4="",D4=""),"",IF(OR(B4<=0,I4<=0,G4<=D4),"",(4*SQRT(B4)+1.5*I4)/(0.8*SQRT(G4-D4)))) | O4: =IF(OR(I4="",C4="",H4=""),"",IF(OR(I4<=0,H4<=0,C4<=0,C4>100),"",((100*((I4*1000/0.3048)^0.8)*(((1000/C4)-9)^0.7))/(1900*SQRT(H4*100)))/60)) | P4: =IF(OR(I4="",H4=""),"",IF(OR(I4<=0,H4<=0),"",(18*(I4^0.76)/(H4^0.19))/60)) | Q4: =IF(OR(I4="",K4=""),"",IF(OR(I4<=0,K4<=0),"",I4/(3.6*K4)))
M5: =IF(OR(I5="",F5=""),"",IF(OR(I5<=0,F5<=0),"",0.95*((I5^3)/F5)^0.385)) | N5: =IF(OR(B5="",I5="",G5="",D5=""),"",IF(OR(B5<=0,I5<=0,G5<=D5),"",(4*SQRT(B5)+1.5*I5)/(0.8*SQRT(G5-D5)))) | O5: =IF(OR(I5="",C5="",H5=""),"",IF(OR(I5<=0,H5<=0,C5<=0,C5>100),"",((100*((I5*1000/0.3048)^0.8)*(((1000/C5)-9)^0.7))/(1900*SQRT(H5*100)))/60)) | P5: =IF(OR(I5="",H5=""),"",IF(OR(I5<=0,H5<=0),"",(18*(I5^0.76)/(H5^0.19))/60)) | Q5: =IF(OR(I5="",K5=""),"",IF(OR(I5<=0,K5<=0),"",I5/(3.6*K5)))
M6: =IF(OR(I6="",F6=""),"",IF(OR(I6<=0,F6<=0),"",0.95*((I6^3)/F6)^0.385)) | N6: =IF(OR(B6="",I6="",G6="",D6=""),"",IF(OR(B6<=0,I6<=0,G6<=D6),"",(4*SQRT(B6)+1.5*I6)/(0.8*SQRT(G6-D6)))) | O6: =IF(OR(I6="",C6="",H6=""),"",IF(OR(I6<=0,H6<=0,C6<=0,C6>100),"",((100*((I6*1000/0.3048)^0.8)*(((1000/C6)-9)^0.7))/(1900*SQRT(H6*100)))/60)) | P6: =IF(OR(I6="",H6=""),"",IF(OR(I6<=0,H6<=0),"",(18*(I6^0.76)/(H6^0.19))/60)) | Q6: =IF(OR(I6="",K6=""),"",IF(OR(I6<=0,K6<=0),"",I6/(3.6*K6)))
M7: =IF(OR(I7="",F7=""),"",IF(OR(I7<=0,F7<=0),"",0.95*((I7^3)/F7)^0.385)) | N7: =IF(OR(B7="",I7="",G7="",D7=""),"",IF(OR(B7<=0,I7<=0,G7<=D7),"",(4*SQRT(B7)+1.5*I7)/(0.8*SQRT(G7-D7)))) | O7: =IF(OR(I7="",C7="",H7=""),"",IF(OR(I7<=0,H7<=0,C7<=0,C7>100),"",((100*((I7*1000/0.3048)^0.8)*(((1000/C7)-9)^0.7))/(1900*SQRT(H7*100)))/60)) | P7: =IF(OR(I7="",H7=""),"",IF(OR(I7<=0,H7<=0),"",(18*(I7^0.76)/(H7^0.19))/60)) | Q7: =IF(OR(I7="",K7=""),"",IF(OR(I7<=0,K7<=0),"",I7/(3.6*K7)))
M8: =IF(OR(I8="",F8=""),"",IF(OR(I8<=0,F8<=0),"",0.95*((I8^3)/F8)^0.385)) | N8: =IF(OR(B8="",I8="",G8="",D8=""),"",IF(OR(B8<=0,I8<=0,G8<=D8),"",(4*SQRT(B8)+1.5*I8)/(0.8*SQRT(G8-D8)))) | O8: =IF(OR(I8="",C8="",H8=""),"",IF(OR(I8<=0,H8<=0,C8<=0,C8>100),"",((100*((I8*1000/0.3048)^0.8)*(((1000/C8)-9)^0.7))/(1900*SQRT(H8*100)))/60)) | P8: =IF(OR(I8="",H8=""),"",IF(OR(I8<=0,H8<=0),"",(18*(I8^0.76)/(H8^0.19))/60)) | Q8: =IF(OR(I8="",K8=""),"",IF(OR(I8<=0,K8<=0),"",I8/(3.6*K8)))
M9: =IF(OR(I9="",F9=""),"",IF(OR(I9<=0,F9<=0),"",0.95*((I9^3)/F9)^0.385)) | N9: =IF(OR(B9="",I9="",G9="",D9=""),"",IF(OR(B9<=0,I9<=0,G9<=D9),"",(4*SQRT(B9)+1.5*I9)/(0.8*SQRT(G9-D9)))) | O9: =IF(OR(I9="",C9="",H9=""),"",IF(OR(I9<=0,H9<=0,C9<=0,C9>100),"",((100*((I9*1000/0.3048)^0.8)*(((1000/C9)-9)^0.7))/(1900*SQRT(H9*100)))/60)) | P9: =IF(OR(I9="",H9=""),"",IF(OR(I9<=0,H9<=0),"",(18*(I9^0.76)/(H9^0.19))/60)) | Q9: =IF(OR(I9="",K9=""),"",IF(OR(I9<=0,K9<=0),"",I9/(3.6*K9)))
M10: =IF(OR(I10="",F10=""),"",IF(OR(I10<=0,F10<=0),"",0.95*((I10^3)/F10)^0.385)) | N10: =IF(OR(B10="",I10="",G10="",D10=""),"",IF(OR(B10<=0,I10<=0,G10<=D10),"",(4*SQRT(B10)+1.5*I10)/(0.8*SQRT(G10-D10)))) | O10: =IF(OR(I10="",C10="",H10=""),"",IF(OR(I10<=0,H10<=0,C10<=0,C10>100),"",((100*((I10*1000/0.3048)^0.8)*(((1000/C10)-9)^0.7))/(1900*SQRT(H10*100)))/60)) | P10: =IF(OR(I10="",H10=""),"",IF(OR(I10<=0,H10<=0),"",(18*(I10^0.76)/(H10^0.19))/60)) | Q10: =IF(OR(I10="",K10=""),"",IF(OR(I10<=0,K10<=0),"",I10/(3.6*K10)))
M11: =IF(OR(I11="",F11=""),"",IF(OR(I11<=0,F11<=0),"",0.95*((I11^3)/F11)^0.385)) | N11: =IF(OR(B11="",I11="",G11="",D11=""),"",IF(OR(B11<=0,I11<=0,G11<=D11),"",(4*SQRT(B11)+1.5*I11)/(0.8*SQRT(G11-D11)))) | O11: =IF(OR(I11="",C11="",H11=""),"",IF(OR(I11<=0,H11<=0,C11<=0,C11>100),"",((100*((I11*1000/0.3048)^0.8)*(((1000/C11)-9)^0.7))/(1900*SQRT(H11*100)))/60)) | P11: =IF(OR(I11="",H11=""),"",IF(OR(I11<=0,H11<=0),"",(18*(I11^0.76)/(H11^0.19))/60)) | Q11: =IF(OR(I11="",K11=""),"",IF(OR(I11<=0,K11<=0),"",I11/(3.6*K11)))
M12: =IF(OR(I12="",F12=""),"",IF(OR(I12<=0,F12<=0),"",0.95*((I12^3)/F12)^0.385)) | N12: =IF(OR(B12="",I12="",G12="",D12=""),"",IF(OR(B12<=0,I12<=0,G12<=D12),"",(4*SQRT(B12)+1.5*I12)/(0.8*SQRT(G12-D12)))) | O12: =IF(OR(I12="",C12="",H12=""),"",IF(OR(I12<=0,H12<=0,C12<=0,C12>100),"",((100*((I12*1000/0.3048)^0.8)*(((1000/C12)-9)^0.7))/(1900*SQRT(H12*100)))/60)) | P12: =IF(OR(I12="",H12=""),"",IF(OR(I12<=0,H12<=0),"",(18*(I12^0.76)/(H12^0.19))/60)) | Q12: =IF(OR(I12="",K12=""),"",IF(OR(I12<=0,K12<=0),"",I12/(3.6*K12)))
M13: =IF(OR(I13="",F13=""),"",IF(OR(I13<=0,F13<=0),"",0.95*((I13^3)/F13)^0.385)) | N13: =IF(OR(B13="",I13="",G13="",D13=""),"",IF(OR(B13<=0,I13<=0,G13<=D13),"",(4*SQRT(B13)+1.5*I13)/(0.8*SQRT(G13-D13)))) | O13: =IF(OR(I13="",C13="",H13=""),"",IF(OR(I13<=0,H13<=0,C13<=0,C13>100),"",((100*((I13*1000/0.3048)^0.8)*(((1000/C13)-9)^0.7))/(1900*SQRT(H13*100)))/60)) | P13: =IF(OR(I13="",H13=""),"",IF(OR(I13<=0,H13<=0),"",(18*(I13^0.76)/(H13^0.19))/60)) | Q13: =IF(OR(I13="",K13=""),"",IF(OR(I13<=0,K13<=0),"",I13/(3.6*K13)))
M14: =IF(OR(I14="",F14=""),"",IF(OR(I14<=0,F14<=0),"",0.95*((I14^3)/F14)^0.385)) | N14: =IF(OR(B14="",I14="",G14="",D14=""),"",IF(OR(B14<=0,I14<=0,G14<=D14),"",(4*SQRT(B14)+1.5*I14)/(0.8*SQRT(G14-D14)))) | O14: =IF(OR(I14="",C14="",H14=""),"",IF(OR(I14<=0,H14<=0,C14<=0,C14>100),"",((100*((I14*1000/0.3048)^0.8)*(((1000/C14)-9)^0.7))/(1900*SQRT(H14*100)))/60)) | P14: =IF(OR(I14="",H14=""),"",IF(OR(I14<=0,H14<=0),"",(18*(I14^0.76)/(H14^0.19))/60)) | Q14: =IF(OR(I14="",K14=""),"",IF(OR(I14<=0,K14<=0),"",I14/(3.6*K14)))
M15: =IF(OR(I15="",F15=""),"",IF(OR(I15<=0,F15<=0),"",0.95*((I15^3)/F15)^0.385)) | N15: =IF(OR(B15="",I15="",G15="",D15=""),"",IF(OR(B15<=0,I15<=0,G15<=D15),"",(4*SQRT(B15)+1.5*I15)/(0.8*SQRT(G15-D15)))) | O15: =IF(OR(I15="",C15="",H15=""),"",IF(OR(I15<=0,H15<=0,C15<=0,C15>100),"",((100*((I15*1000/0.3048)^0.8)*(((1000/C15)-9)^0.7))/(1900*SQRT(H15*100)))/60)) | P15: =IF(OR(I15="",H15=""),"",IF(OR(I15<=0,H15<=0),"",(18*(I15^0.76)/(H15^0.19))/60)) | Q15: =IF(OR(I15="",K15=""),"",IF(OR(I15<=0,K15<=0),"",I15/(3.6*K15)))
... M380: =IF(OR(I380="",F380=""),"",IF(OR(I380<=0,F380<=0),"",0.95*((I380^3)/F380)^0.385)) | N380: =IF(OR(B380="",I380="",G380="",D380=""),"",IF(OR(B380<=0,I380<=0,G380<=D380),"",(4*SQRT(B380)+1.5*I380)/(0.8*SQRT(G380-D380)))) | O380: =IF(OR(I380="",C380="",H380=""),"",IF(OR(I380<=0,H380<=0,C380<=0,C380>100),"",((100*((I380*1000/0.3048)^0.8)*(((1000/C380)-9)^0.7))/(1900*SQRT(H380*100)))/60)) | P380: =IF(OR(I380="",H380=""),"",IF(OR(I380<=0,H380<=0),"",(18*(I380^0.76)/(H380^0.19))/60)) | Q380: =IF(OR(I380="",K380=""),"",IF(OR(I380<=0,K380<=0),"",I380/(3.6*K380)))

Sheet HUS
A1: Cuenca | B1: Area (km2) | C1: CN | D1: ΔD propuesto (hr) | E1: ΔD adoptado (hr) | F1: Tiempo al Peak (hr) | G1: Tiempo Base (hr) | H1: Caudal Peak (m3/s/mm)
A2: =IF(ISBLANK('Info Cuencas'!A2),"",'Info Cuencas'!A2) -> C_01_CL | B2: =IF(A2="","",'Info Cuencas'!B2) -> 117.271 | C2: =IF(A2="","",'Info Cuencas'!C2) -> 75 | D2: =IF(A2="","",0.133*'Info Cuencas'!R2) -> 0.76073283 | E2: 0.05 | F2: =IF(A2="","",0.6*'Info Cuencas'!R2+HUS!E2/2) -> 3.4568774 | G2: =IF(A2="","",5*F2) -> 17.284387 | H2: =IF(A2="","",0.208*'Info Cuencas'!B2/HUS!F2) -> 7.0561854
A3: =IF(ISBLANK('Info Cuencas'!A3),"",'Info Cuencas'!A3) -> C_02_CL | B3: =IF(A3="","",'Info Cuencas'!B3) -> 447.74 | C3: =IF(A3="","",'Info Cuencas'!C3) -> 75 | D3: =IF(A3="","",0.133*'Info Cuencas'!R3) -> 1.0943707 | E3: 0.05 | F3: =IF(A3="","",0.6*'Info Cuencas'!R3+HUS!E3/2) -> 4.9620109 | G3: =IF(A3="","",5*F3) -> 24.810054 | H3: =IF(A3="","",0.208*'Info Cuencas'!B3/HUS!F3) -> 18.768584
A4: =IF(ISBLANK('Info Cuencas'!A4),"",'Info Cuencas'!A4) | B4: =IF(A4="","",'Info Cuencas'!B4) | C4: =IF(A4="","",'Info Cuencas'!C4) | D4: =IF(A4="","",0.133*'Info Cuencas'!R4) | F4: =IF(A4="","",0.6*'Info Cuencas'!R4+HUS!E4/2) | G4: =IF(A4="","",5*F4) | H4: =IF(A4="","",0.208*'Info Cuencas'!B4/HUS!F4)
A5: =IF(ISBLANK('Info Cuencas'!A5),"",'Info Cuencas'!A5) | B5: =IF(A5="","",'Info Cuencas'!B5) | C5: =IF(A5="","",'Info Cuencas'!C5) | D5: =IF(A5="","",0.133*'Info Cuencas'!R5) | F5: =IF(A5="","",0.6*'Info Cuencas'!R5+HUS!E5/2) | G5: =IF(A5="","",5*F5) | H5: =IF(A5="","",0.208*'Info Cuencas'!B5/HUS!F5)
A6: =IF(ISBLANK('Info Cuencas'!A6),"",'Info Cuencas'!A6) | B6: =IF(A6="","",'Info Cuencas'!B6) | C6: =IF(A6="","",'Info Cuencas'!C6) | D6: =IF(A6="","",0.133*'Info Cuencas'!R6) | F6: =IF(A6="","",0.6*'Info Cuencas'!R6+HUS!E6/2) | G6: =IF(A6="","",5*F6) | H6: =IF(A6="","",0.208*'Info Cuencas'!B6/HUS!F6)
A7: =IF(ISBLANK('Info Cuencas'!A7),"",'Info Cuencas'!A7) | B7: =IF(A7="","",'Info Cuencas'!B7) | C7: =IF(A7="","",'Info Cuencas'!C7) | D7: =IF(A7="","",0.133*'Info Cuencas'!R7) | F7: =IF(A7="","",0.6*'Info Cuencas'!R7+HUS!E7/2) | G7: =IF(A7="","",5*F7) | H7: =IF(A7="","",0.208*'Info Cuencas'!B7/HUS!F7)
A8: =IF(ISBLANK('Info Cuencas'!A8),"",'Info Cuencas'!A8) | B8: =IF(A8="","",'Info Cuencas'!B8) | C8: =IF(A8="","",'Info Cuencas'!C8) | D8: =IF(A8="","",0.133*'Info Cuencas'!R8) | F8: =IF(A8="","",0.6*'Info Cuencas'!R8+HUS!E8/2) | G8: =IF(A8="","",5*F8) | H8: =IF(A8="","",0.208*'Info Cuencas'!B8/HUS!F8)
A9: =IF(ISBLANK('Info Cuencas'!A9),"",'Info Cuencas'!A9) | B9: =IF(A9="","",'Info Cuencas'!B9) | C9: =IF(A9="","",'Info Cuencas'!C9) | D9: =IF(A9="","",0.133*'Info Cuencas'!R9) | F9: =IF(A9="","",0.6*'Info Cuencas'!R9+HUS!E9/2) | G9: =IF(A9="","",5*F9) | H9: =IF(A9="","",0.208*'Info Cuencas'!B9/HUS!F9)
A10: =IF(ISBLANK('Info Cuencas'!A10),"",'Info Cuencas'!A10) | B10: =IF(A10="","",'Info Cuencas'!B10) | C10: =IF(A10="","",'Info Cuencas'!C10) | D10: =IF(A10="","",0.133*'Info Cuencas'!R10) | F10: =IF(A10="","",0.6*'Info Cuencas'!R10+HUS!E10/2) | G10: =IF(A10="","",5*F10) | H10: =IF(A10="","",0.208*'Info Cuencas'!B10/HUS!F10)
A11: =IF(ISBLANK('Info Cuencas'!A11),"",'Info Cuencas'!A11) | B11: =IF(A11="","",'Info Cuencas'!B11) | C11: =IF(A11="","",'Info Cuencas'!C11) | D11: =IF(A11="","",0.133*'Info Cuencas'!R11) | F11: =IF(A11="","",0.6*'Info Cuencas'!R11+HUS!E11/2) | G11: =IF(A11="","",5*F11) | H11: =IF(A11="","",0.208*'Info Cuencas'!B11/HUS!F11)
A12: =IF(ISBLANK('Info Cuencas'!A12),"",'Info Cuencas'!A12) | B12: =IF(A12="","",'Info Cuencas'!B12) | C12: =IF(A12="","",'Info Cuencas'!C12) | D12: =IF(A12="","",0.133*'Info Cuencas'!R12) | F12: =IF(A12="","",0.6*'Info Cuencas'!R12+HUS!E12/2)
A13: =IF(ISBLANK('Info Cuencas'!A13),"",'Info Cuencas'!A13) | B13: =IF(A13="","",'Info Cuencas'!B13) | C13: =IF(A13="","",'Info Cuencas'!C13) | D13: =IF(A13="","",0.133*'Info Cuencas'!R13) | F13: =IF(A13="","",0.6*'Info Cuencas'!R13+HUS!E13/2)
A14: =IF(ISBLANK('Info Cuencas'!A14),"",'Info Cuencas'!A14) | B14: =IF(A14="","",'Info Cuencas'!B14) | C14: =IF(A14="","",'Info Cuencas'!C14) | D14: =IF(A14="","",0.133*'Info Cuencas'!R14) | F14: =IF(A14="","",0.6*'Info Cuencas'!R14+HUS!E14/2)
A15: =IF(ISBLANK('Info Cuencas'!A15),"",'Info Cuencas'!A15) | B15: =IF(A15="","",'Info Cuencas'!B15) | C15: =IF(A15="","",'Info Cuencas'!C15) | D15: =IF(A15="","",0.133*'Info Cuencas'!R15) | F15: =IF(A15="","",0.6*'Info Cuencas'!R15+HUS!E15/2)
A16: =IF(ISBLANK('Info Cuencas'!A16),"",'Info Cuencas'!A16) | B16: =IF(A16="","",'Info Cuencas'!B16) | C16: =IF(A16="","",'Info Cuencas'!C16) | D16: =IF(A16="","",0.133*'Info Cuencas'!R16) | F16: =IF(A16="","",0.6*'Info Cuencas'!R16+HUS!E16/2)
A17: =IF(ISBLANK('Info Cuencas'!A17),"",'Info Cuencas'!A17) | B17: =IF(A17="","",'Info Cuencas'!B17) | C17: =IF(A17="","",'Info Cuencas'!C17) | D17: =IF(A17="","",0.133*'Info Cuencas'!R17) | F17: =IF(A17="","",0.6*'Info Cuencas'!R17+HUS!E17/2)
A18: =IF(ISBLANK('Info Cuencas'!A18),"",'Info Cuencas'!A18) | B18: =IF(A18="","",'Info Cuencas'!B18) | C18: =IF(A18="","",'Info Cuencas'!C18) | D18: =IF(A18="","",0.133*'Info Cuencas'!R18) | F18: =IF(A18="","",0.6*'Info Cuencas'!R18+HUS!E18/2)
A19: =IF(ISBLANK('Info Cuencas'!A19),"",'Info Cuencas'!A19) | B19: =IF(A19="","",'Info Cuencas'!B19) | C19: =IF(A19="","",'Info Cuencas'!C19) | D19: =IF(A19="","",0.133*'Info Cuencas'!R19) | F19: =IF(A19="","",0.6*'Info Cuencas'!R19+HUS!E19/2)
A20: =IF(ISBLANK('Info Cuencas'!A20),"",'Info Cuencas'!A20) | B20: =IF(A20="","",'Info Cuencas'!B20) | C20: =IF(A20="","",'Info Cuencas'!C20) | D20: =IF(A20="","",0.133*'Info Cuencas'!R20) | F20: =IF(A20="","",0.6*'Info Cuencas'!R20+HUS!E20/2)
A21: =IF(ISBLANK('Info Cuencas'!A21),"",'Info Cuencas'!A21) | B21: =IF(A21="","",'Info Cuencas'!B21) | C21: =IF(A21="","",'Info Cuencas'!C21) | D21: =IF(A21="","",0.133*'Info Cuencas'!R21) | F21: =IF(A21="","",0.6*'Info Cuencas'!R21+HUS!E21/2)
A22: =IF(ISBLANK('Info Cuencas'!A22),"",'Info Cuencas'!A22) | B22: =IF(A22="","",'Info Cuencas'!B22) | C22: =IF(A22="","",'Info Cuencas'!C22) | D22: =IF(A22="","",0.133*'Info Cuencas'!R22) | F22: =IF(A22="","",0.6*'Info Cuencas'!R22+HUS!E22/2)
A23: =IF(ISBLANK('Info Cuencas'!A23),"",'Info Cuencas'!A23) | B23: =IF(A23="","",'Info Cuencas'!B23) | C23: =IF(A23="","",'Info Cuencas'!C23) | D23: =IF(A23="","",0.133*'Info Cuencas'!R23) | F23: =IF(A23="","",0.6*'Info Cuencas'!R23+HUS!E23/2)
... A100: =IF(ISBLANK('Info Cuencas'!A100),"",'Info Cuencas'!A100) | B100: =IF(A100="","",'Info Cuencas'!B100) | C100: =IF(A100="","",'Info Cuencas'!C100) | D100: =IF(A100="","",0.133*'Info Cuencas'!R100) | F100: =IF(A100="","",0.6*'Info Cuencas'!R100+HUS!E100/2)

Sheet Pp Max
A1: T | B1: {=IF(TRANSPOSE('Info Cuencas'!A2:A1000)=0,"",TRANSPOSE('Info Cuencas'!A2:A1000))} -> C_01_CL | C1: C_02_CL
A2: 2 | B2: 16.870809 | C2: 17.969077
A3: 5 | B3: 36.426319 | C3: 37.789159
A4: 10 | B4: 64.86002 | C4: 69.798664
A5: 20 | B5: 107.4544 | C5: 119.46406
A6: 25 | B6: 124.53759 | C6: 139.65614
A7: 50 | B7: 189.25664 | C7: 216.91364
A8: 100 | B8: 273.53096 | C8: 318.56702
A9: 150 | B9: 326.78465 | C9: 383.26557
A10: 200 | B10: 380.03834 | C10: 447.96412

Sheet CD
A1: Horas | B1: {=IF(TRANSPOSE('Info Cuencas'!A2:A1000)=0,"",TRANSPOSE('Info Cuencas'!A2:A1000))} -> C_01_CL | C1: C_02_CL
A2: 1 | B2: 0.149 | C2: 0.149
A3: 2 | B3: 0.259 | C3: 0.259
A4: 4 | B4: 0.438 | C4: 0.438
A5: 6 | B5: 0.587 | C5: 0.587
A6: 8 | B6: 0.658 | C6: 0.658
A7: 10 | B7: 0.776 | C7: 0.776
A8: 12 | B8: 0.816 | C8: 0.816
A9: 14 | B9: 0.856 | C9: 0.856
A10: 18 | B10: 0.907 | C10: 0.907
A11: 24 | B11: 1 | C11: 1

Sheet Tormentas
A1: Tormenta N°1 | B1: Varas Grupo I - 10% | D1: Tormenta N°2 | E1: Varas Grupo II - 10% | G1: Tormenta N°3 | H1: Varas Grupo III - 10% | J1: Tormenta N°4 | K1: SCS - Tipo I | M1: Tormenta N°5 | N1: SCS - Tipo IA | P1: Tormenta N°6 | Q1: HU-Varas II
A2: tiempo (%) | B2: Pp (%) | D2: tiempo (%) | E2: Pp (%) | G2: tiempo (%) | H2: Pp (%) | J2: tiempo (%) | K2: Pp (%) | M2: tiempo (%) | N2: Pp (%) | P2: tiempo (%) | Q2: Pp (%)
A3: 0 | B3: 0 | D3: 0 | E3: 0 | G3: 0 | H3: 0 | J3: 0 | K3: 0 | M3: 0 | N3: 0 | P3: 0 | Q3: 0
A4: 0.1 | B4: 0.21016949 | D4: 0.1 | E4: 0.14006515 | G4: 0.1 | H4: 0.14726027 | J4: 0.041666667 | K4: 0.017 | M4: 0.041666667 | N4: 0.02 | P4: 0.0041666667 | Q4: 0.0058333333
A5: 0.2 | B5: 0.4 | D5: 0.2 | E5: 0.28664495 | G5: 0.2 | H5: 0.26027397 | J5: 0.083333333 | K5: 0.035 | M5: 0.083333333 | N5: 0.05 | P5: 0.0083333333 | Q5: 0.011666667
A6: 0.3 | B6: 0.54237288 | D6: 0.3 | E6: 0.42019544 | G6: 0.3 | H6: 0.36643836 | J6: 0.125 | K6: 0.055 | M6: 0.125 | N6: 0.082 | P6: 0.0125 | Q6: 0.0175
A7: 0.4 | B7: 0.63050847 | D7: 0.4 | E7: 0.56026059 | G7: 0.4 | H7: 0.45547945 | J7: 0.16666667 | K7: 0.076 | M7: 0.16666667 | N7: 0.116 | P7: 0.016666667 | Q7: 0.023333333
A8: 0.5 | B8: 0.71525424 | D8: 0.5 | E8: 0.72638436 | G8: 0.5 | H8: 0.54452055 | J8: 0.20833333 | K8: 0.099 | M8: 0.20833333 | N8: 0.156 | P8: 0.020833333 | Q8: 0.029166667
A9: 0.6 | B9: 0.78305085 | D9: 0.6 | E9: 0.80130293 | G9: 0.6 | H9: 0.68835616 | J9: 0.25 | K9: 0.126 | M9: 0.25 | N9: 0.206 | P9: 0.025 | Q9: 0.035
A10: 0.7 | B10: 0.85423729 | D10: 0.7 | E10: 0.88273616 | G10: 0.7 | H10: 0.81164384 | J10: 0.29166667 | K10: 0.156 | M10: 0.29166667 | N10: 0.268 | P10: 0.029166667 | Q10: 0.040833333
A11: 0.8 | B11: 0.91186441 | D11: 0.8 | E11: 0.94136808 | G11: 0.8 | H11: 0.90753425 | J11: 0.33333333 | K11: 0.194 | M11: 0.33333333 | N11: 0.425 | P11: 0.033333333 | Q11: 0.046666667
A12: 0.9 | B12: 0.95932203 | D12: 0.9 | E12: 0.97394137 | G12: 0.9 | H12: 0.96232877 | J12: 0.375 | K12: 0.254 | M12: 0.375 | N12: 0.52 | P12: 0.0375 | Q12: 0.0525
A13: 1 | B13: 1 | D13: 1 | E13: 1 | G13: 1 | H13: 1 | J13: 0.41666667 | K13: 0.515 | M13: 0.41666667 | N13: 0.577 | P13: 0.041666667 | Q13: 0.058333333
J14: 0.45833333 | K14: 0.624 | M14: 0.45833333 | N14: 0.624 | P14: 0.045833333 | Q14: 0.064166667
J15: 0.5 | K15: 0.682 | M15: 0.5 | N15: 0.664 | P15: 0.05 | Q15: 0.07
J16: 0.54166667 | K16: 0.728 | M16: 0.54166667 | N16: 0.701 | P16: 0.054166667 | Q16: 0.075833333
J17: 0.58333333 | K17: 0.766 | M17: 0.58333333 | N17: 0.736 | P17: 0.058333333 | Q17: 0.081666667
J18: 0.625 | K18: 0.799 | M18: 0.625 | N18: 0.769 | P18: 0.0625 | Q18: 0.0875
J19: 0.66666667 | K19: 0.83 | M19: 0.66666667 | N19: 0.8 | P19: 0.066666667 | Q19: 0.093333333
J20: 0.70833333 | K20: 0.857 | M20: 0.70833333 | N20: 0.83 | P20: 0.070833333 | Q20: 0.099166667
J21: 0.75 | K21: 0.882 | M21: 0.75 | N21: 0.858 | P21: 0.075 | Q21: 0.105
J22: 0.79166667 | K22: 0.905 | M22: 0.79166667 | N22: 0.884 | P22: 0.079166667 | Q22: 0.11083333
J23: 0.83333333 | K23: 0.926 | M23: 0.83333333 | N23: 0.908 | P23: 0.083333333 | Q23: 0.11666667
J24: 0.875 | K24: 0.946 | M24: 0.875 | N24: 0.932 | P24: 0.0875 | Q24: 0.1225
J25: 0.91666667 | K25: 0.965 | M25: 0.91666667 | N25: 0.956 | P25: 0.091666667 | Q25: 0.12833333
... J27: 1 | K27: 1 | M27: 1 | N27: 1 | P27: 0.1 | Q27: 0.14
P28: 0.10416667 | Q28: 0.14583333
P29: 0.10833333 | Q29: 0.15166667
P30: 0.1125 | Q30: 0.1575
P31: 0.11666667 | Q31: 0.16333333
P32: 0.12083333 | Q32: 0.16916667
P33: 0.125 | Q33: 0.175
P34: 0.12916667 | Q34: 0.18083333
P35: 0.13333333 | Q35: 0.18666667
P36: 0.1375 | Q36: 0.1925
P37: 0.14166667 | Q37: 0.19833333
P38: 0.14583333 | Q38: 0.20416667
P39: 0.15 | Q39: 0.21
... P243: 1 | Q243: 1

Sheet Ratios
A1: Time ratios (t/Tp) | B1: Discharge ratios (q/qp) | C1: Mass curve ratios (Qa/Q)
A2: 0 | B2: 0 | C2: 0
A3: 0.1 | B3: 0.03 | C3: 0.001
A4: 0.2 | B4: 0.1 | C4: 0.006
A5: 0.3 | B5: 0.19 | C5: 0.017
A6: 0.4 | B6: 0.31 | C6: 0.035
A7: 0.5 | B7: 0.47 | C7: 0.065
A8: 0.6 | B8: 0.66 | C8: 0.107
A9: 0.7 | B9: 0.82 | C9: 0.163
A10: 0.8 | B10: 0.93 | C10: 0.228
A11: 0.9 | B11: 0.99 | C11: 0.3
A12: 1 | B12: 1 | C12: 0.375
A13: 1.1 | B13: 0.99 | C13: 0.45
... A34: 5 | B34: 0 | C34: 1
